﻿Category,Profit,Sales,City,Country
Technology,762.1845,2309.65,New York City,United States
Furniture,-288.765,3709.395,Wollongong,Australia
Technology,919.971,5175.171,Brisbane,Australia
Technology,-96.54,2892.51,Berlin,Australia
Technology,311.52,2832.96,Dakar,United States
Technology,763.275,2862.675,Sydney,Australia
Furniture,564.84,1822.08,Porirua,China
Furniture,996.48,5244.84,Hamilton,China
Office Supplies,1906.485,5083.96,Sacramento,United States
Furniture,-1862.3124,4297.644,Concord,United States
Office Supplies,83.281,4164.05,Alexandria,United States
Furniture,647.55,4626.15,Kabul,Australia
Technology,1151.4,2616.96,Jizan,China
Furniture,622.02,2221.8,Toledo,United States
Office Supplies,1036.08,3701.52,Mudanjiang,China
Office Supplies,186.948,1869.588,Paris,Australia
Technology,517.4793,2249.91,Henderson,United States
Office Supplies,3979.08,7958.58,Prato,United States
Technology,28.404,2565.594,Townsville,Australia
Office Supplies,818.28,3409.74,Uvinza,Australia
Furniture,276.84,1977.72,Bytom,Australia
Technology,341.994,2735.952,Chicago,United States
Furniture,358.02,2754,Suzhou,China
Office Supplies,1898.4,5273.7,Edinburgh,United States
Technology,445.52,1713.84,Juárez,India
Furniture,526.496,2106.496,Soyapango,Australia
Furniture,720.36,1715.16,Taipei,India
Office Supplies,1364.238,3069.738,Leipzig,Australia
Technology,363.9048,4158.912,Los Angeles,United States
Furniture,582.36,1878.72,Surat,India
Technology,-148.46,1696.64,Santo Domingo,India
Technology,763.155,2402.865,Saint-Brieuc,Australia
Furniture,-350.49,2453.43,Amarillo,United States
Office Supplies,561.48,2526.93,Gold Coast,Australia
Furniture,135.4068,3610.848,Fresno,United States
Technology,1068.66,3817.26,Kamina,China
Technology,1371.9804,2799.96,New York City,United States
Technology,-3839.9904,7999.98,Burlington,United States
Technology,1697.67,4141.02,Stockton-on-Tees,United States
Technology,511.095,2875.095,Brisbane,Australia
Technology,-77.2038,3200.5962,Mataram,India
Technology,632.52,4518.78,Gorakhpur,India
Furniture,2097.03,5667.87,Thiruvananthapuram,India
Technology,404.73,5785.02,Huddersfield,United States
Office Supplies,377.244,3018.624,Berlin,Australia
Office Supplies,4630.4755,9449.95,Minneapolis,United States
Furniture,720.75,2092.5,Montreuil,Australia
Furniture,110.34,2761.2,Shouguang,China
Technology,500.01,2174.13,Jamshedpur,India
Furniture,868.12,3473.14,Paysandú,India
Office Supplies,1143.891,3050.376,New York City,United States
Technology,527.04,2108.64,Behshahr,United States
Technology,839.986,2399.96,Huntington Beach,United States
Furniture,153.75,2197.5,Taipei,India
Technology,593.88,2582.16,Maputo,India
Technology,732.72,1526.52,Bhopal,India
Technology,1480.4671,3149.93,Seattle,United States
Furniture,226.86,1745.34,Delhi,India
Office Supplies,1164.267,4191.507,Geraldton,Australia
Technology,327.5922,4367.896,Tallahassee,United States
Furniture,581.91,3063.27,Dhaka,United States
Technology,2229.024,4643.8,New York City,United States
Technology,313.11,4473,Munster,Australia
Technology,225.18,1502.01,Celle,Australia
Furniture,656.37,5049,Wuxi,China
Office Supplies,694.5015,2104.55,Richmond,United States
Furniture,1050.15,2188.05,Seville,China
Furniture,652.92,1920.36,Raipur,India
Technology,119.28,1704,Gómez Palacio,India
Furniture,130.08,1858.68,Kharkiv,India
Furniture,1055.25,3298.26,Jinan,China
Office Supplies,121.94,2443.48,Chinandega,China
Furniture,1523.52,3808.8,Kananga,China
Furniture,-452.8104,3427.1496,Palembang,India
Technology,38.07,3441.69,London,United States
Technology,858.9,2863.35,Melbourne,Australia
Office Supplies,3177.475,6354.95,Atlanta,United States
Technology,728.7,1487.4,Duisburg,Australia
Technology,1183.95,3200.04,Nanchong,China
Furniture,91.95,2301,Naihati,India
Furniture,63.546,5729.346,Lille,Australia
Technology,2597.28,5301.24,Meknes,China
Office Supplies,2504.2216,5443.96,Jackson,United States
Furniture,-630.882,4416.174,Philadelphia,United States
Technology,965.85,3219.9,Krefeld,Australia
Office Supplies,-269.7912,2487.8088,Bandung,India
Office Supplies,113.28,2266.44,Casablanca,China
Technology,1124.901,3068.361,Sydney,Australia
Furniture,1192.86,3728.43,Tongi,United States
Technology,0,1581.48,Suzhou,China
Technology,498.33,1916.73,Delhi,India
Furniture,320.3172,1685.88,Henderson,United States
Office Supplies,513.36,2432.16,Paris,Australia
Technology,1159.02,3863.88,Montréal,India
Furniture,197.19,2465.82,Manila,India
Furniture,738.96,1847.52,Newcastle,Australia
Furniture,927.78,2899.89,Graz,India
Furniture,96.39,2891.7,Nowra,Australia
Technology,-0.054,2016.846,Boulogne-Billancourt,Australia
Office Supplies,34.944,3155.544,Malakoff,Australia
Technology,1465.2,3856.14,Kinshasa,China
Technology,861.372,3524.472,Perth,Australia
Technology,790.416,2167.296,Le Bouscat,Australia
Technology,178.92,2556,Puebla,India
Technology,308.4,1469.25,Augsburg,Australia
Technology,1517.712,4448.832,Nice,Australia
Furniture,366.6348,2036.86,Seattle,United States
Furniture,914.76,2472.66,Medellín,China
Office Supplies,747.816,3739.176,Gold Coast,Australia
Furniture,-2211.165,2570.865,Bergen op Zoom,India
Technology,2365.9818,9099.93,Lakewood,United States
Technology,-1783.08,2875.77,Hanover,Australia
Furniture,261.24,1741.8,Vigo,China
Technology,587.19,1601.64,Sydney,Australia
Office Supplies,367.08,3670.8,Gaoyou,China
Technology,334.4985,2973.32,Los Angeles,United States
Technology,589.2,1900.95,Bremen,Australia
Office Supplies,327.9458,1261.33,Los Angeles,United States
Furniture,1868.13,4544.1,Muret,Australia
Furniture,116.4,1455.12,Zigong,China
Technology,258.93,1943.19,Adelaide,Australia
Technology,2239.9872,6999.96,New York City,United States
Office Supplies,4946.37,9892.74,Detroit,United States
Technology,-37.83,1695.87,Adelaide,Australia
Technology,-265.761,1505.979,Chelles,Australia
Technology,312.66,1954.17,Kuantan,China
Furniture,493.7856,2244.48,Harrisonburg,United States
Technology,1119.9968,8399.976,Philadelphia,United States
Furniture,260.6112,1628.82,Everett,United States
Technology,508.00876,1213.18876,Quito,India
Technology,572.55,1590.6,Vadodara,India
Technology,1025.46,2330.64,Sanya,China
Furniture,140.8248,3278.5848,Palembang,India
Technology,946.6338,3741.5238,Bangkok,India
Furniture,100.196,1603.136,San Diego,United States
Furniture,156.402,3637.602,Tasikmalaya,India
Office Supplies,785.82,2455.88,Guaymas,India
Technology,-286.92,1024.68,Wuhan,China
Furniture,673.8816,2807.84,Madison,United States
Technology,503.64,4476.8,San Diego,United States
Technology,988.12,2297.96,Salto,United States
Technology,534.24,2671.41,Treviso,United States
Technology,268.38,3834,Hargeysa,India
Furniture,256.784,2054.272,Long Beach,United States
Office Supplies,210.8568,3501.7368,Yogyakarta,India
Technology,747.612,1725.462,Perth,Australia
Technology,174.15,1583.7,Anshan,China
Furniture,321.84,1931.04,New York City,United States
Furniture,-214.725,2760.345,Brisbane,Australia
Technology,523.08,3078.72,Dhaka,United States
Office Supplies,-1784.895,1983.135,Amsterdam,India
Furniture,296.658,1112.778,Le Petit-Quevilly,Australia
Technology,36,3616.5,Bochum,Australia
Technology,679.996,3059.982,Detroit,United States
Technology,160.605,2892.105,Perth,Australia
Technology,848.4,3263.4,Hamburg,Australia
Furniture,-317.1528,2396.2656,Houston,United States
Furniture,38.948,3117.088,Mixco,United States
Technology,2400.9657,4899.93,Yonkers,United States
Office Supplies,887.6,1888.7,Morelia,India
Office Supplies,1080.18,3000.78,Changchun,China
Office Supplies,1444.59,3801.63,Madrid,China
Technology,1146.24,5211.12,Jeddah,China
Furniture,311.85,1356.03,Taipei,India
Office Supplies,674.163,3569.643,Adelaide,Australia
Technology,244.6155,1287.45,Norman,United States
Furniture,125.1216,2910.0816,Medan,India
Furniture,-128.7198,3126.4002,Jakarta,India
Technology,1758.888,5276.988,London,United States
Technology,-0.024,2645.376,Bangkok,India
Furniture,-36.39,1637.01,Newcastle,Australia
Technology,-6599.978,4499.985,Lancaster,United States
Technology,-0.024,2645.376,Surakarta,India
Technology,647.892,2399.6,New York City,United States
Furniture,-740.295,3238.305,Beijing,China
Furniture,127.134,2291.814,London,United States
Technology,488.6,2124.5,Tulancingo,India
Furniture,744.48,2757.78,Brest,India
Technology,139.32,1549.98,Valencia,China
Technology,-944.9946,2624.985,Charlotte,United States
Office Supplies,629.28,3146.4,Zhytomyr,India
Technology,664.719,2456.619,Argenteuil,Australia
Furniture,-754.4145,2228.6355,Talence,Australia
Technology,1439.976,2999.95,Atlanta,United States
Office Supplies,1440.24,4001.04,Aurangabad,India
Technology,745.875,4876.875,Plaisir,Australia
Furniture,204.282,1788.822,Melbourne,Australia
Office Supplies,1267.77,3622.29,Gorakhpur,India
Furniture,-140.715,1242.585,Medan,India
Technology,1424.85,4453.05,Harrogate,United States
Furniture,1069.2,2673.36,Phnom Penh,India
Furniture,591.045,2046.195,Mackay,Australia
Furniture,2071.44,5451.3,Stockton-on-Tees,United States
Office Supplies,1644.2913,4535.976,North Las Vegas,United States
Office Supplies,539.4432,1722.2832,Jambi,India
Technology,257.5944,2575.944,Los Angeles,United States
Office Supplies,134.304,1007.424,Moers,Australia
Office Supplies,792.2691,2934.33,Newark,United States
Office Supplies,1644.03,4624.29,Townsville,Australia
Office Supplies,-11.934,1066.446,Hamburg,Australia
Technology,0,957.6,Shenzhen,China
Office Supplies,162.12,4864.32,Launceston,Australia
Furniture,129.294,2154.9,Lakewood,United States
Office Supplies,-84.3705,1433.8395,Marikina,India
Office Supplies,779.52,2784.6,Johannesburg,India
Furniture,1470.21,3063.27,Barakaldo,China
Technology,1668.205,3404.5,New York City,United States
Office Supplies,481.869,1606.23,Providence,United States
Technology,-332.28,2044.8,Santo Domingo,India
Technology,352.3065,1214.85,Long Beach,United States
Technology,0,1521,Qingdao,China
Office Supplies,760.305,2443.905,Le Bouscat,Australia
Furniture,-219.1644,1348.704,San Francisco,United States
Technology,570.9,1141.8,Shiraz,United States
Office Supplies,802.17,1865.97,Bokaro,India
Technology,2939.31,6998.64,Fuji,China
Furniture,119.97,1091.25,Benidorm,China
Furniture,328.23,1094.22,Kozhikode,India
Furniture,484.224,1320.624,Adelaide,Australia
Technology,664.44,2555.64,Kuala Lumpur,China
Furniture,594.72,3498.72,Astrakhan',United States
Technology,191.9968,1439.976,Columbus,United States
Technology,977.22,2272.86,Xiangtan,China
Technology,833.76,5211.12,Shaoxing,China
Technology,361.44,2582.16,Jabalpur,India
Technology,830.55,3194.55,Patna,India
Furniture,378.876,1704.996,Adelaide,Australia
Office Supplies,325.701,1538.721,Marikina,India
Furniture,593.91,1381.32,Shenzhen,China
Furniture,498.807,1181.547,La Baule-Escoublac,Australia
Furniture,734.928,1696.248,Dijon,Australia
Technology,1049.985,3359.952,Los Angeles,United States
Office Supplies,-1049.3406,4663.736,Philadelphia,United States
Office Supplies,606.36,1237.56,Cape Town,India
Technology,140.16,1274.7,Cairo,China
Office Supplies,856.44,3172.14,Medellín,China
Office Supplies,1453.1238,4305.552,New York City,United States
Office Supplies,1989.54,3979.29,West Bromwich,United States
Furniture,412.5394,1586.69,Detroit,United States
Technology,209.58,2395.2,Seattle,United States
Technology,327.5922,1259.97,New York City,United States
Furniture,946.68,2058,Baku,China
Furniture,709.9365,2539.8765,Jakarta,India
Furniture,1420.02,2898.21,Burnley,United States
Technology,357.1575,1320.0075,Laval,Australia
Furniture,-2750.28,2171.16,Vilnius,China
Technology,444.483,4448.223,Brisbane,Australia
Furniture,401.814,1913.4,Seattle,United States
Technology,38.196,2300.616,Buenos Aires,China
Furniture,1072.44,2615.94,Girga,China
Technology,394.65,1066.68,Kochi,India
Furniture,700.98,3504.9,Detroit,United States
Technology,814.2,2544.6,Maseru,China
Furniture,886.68,3694.68,Wellington,China
Furniture,-221.571,2214.849,Luoyang,China
Furniture,111.28,1236.48,Feira de Santana,United States
Office Supplies,126.4,1805.9,Matagalpa,China
Technology,-509.997,3059.982,Houston,United States
Technology,742.632,1687.8,Seattle,United States
Office Supplies,1276.4871,2715.93,Virginia Beach,United States
Office Supplies,54.3,1810.3,Managua,China
Technology,106,2120.5,Managua,China
Technology,140.22,1275,Wuhai,China
Technology,-225.162,1593.648,Nantes,Australia
Furniture,383.706,1114.236,Strasbourg,Australia
Technology,1112.13,2944.08,Berlin,Australia
Office Supplies,318.8598,3309.2598,Surabaya,India
Furniture,322.92,897.48,Tupã,United States
Furniture,390.6,2056.05,Vienna,India
Technology,18.8592,2365.6592,India City,India
Technology,44.436,1336.356,Hobart,Australia
Technology,1245.84,3038.64,Hirakata,China
Office Supplies,890.46,2698.65,Preston,United States
Technology,455.76,3799.08,Maseru,China
Furniture,413.28,2756.34,Agra,India
Technology,-11.16,983.88,Granollers,China
Furniture,117.657,1719.807,Ho Chi Minh City,United States
Office Supplies,428.121,1421.541,Jakarta,India
Technology,441.2884,1053.6884,Camagüey,China
Technology,-1268.04,1440.84,Amsterdam,India
Furniture,621.792,2544.372,Gold Coast,Australia
Office Supplies,735.0336,2625.12,Morristown,United States
Technology,341.76,1554.48,Piatra-Neamt,China
Technology,89.46,1278,Milpa Alta,India
Technology,625.28,3474.08,India City,India
Technology,357,2550,León,India
Office Supplies,429.5772,1101.48,Los Angeles,United States
Office Supplies,381.297,1016.792,Los Angeles,United States
Technology,374.9925,1199.976,San Francisco,United States
Technology,-1331.652,934.248,Izmir,China
Technology,5039.9856,10499.97,Newark,United States
Technology,1563.48,3908.88,Dakar,United States
Technology,556.9,2142.3,Coyoacán,India
Office Supplies,-348.516,1900.584,Manukau City,China
Office Supplies,496.98,1840.68,Yaounde,China
Furniture,446.04,2624.04,Newcastle upon Tyne,United States
Furniture,215.25,3076.5,Dehra Dun,India
Technology,344.9718,3181.7718,Bangkok,India
Office Supplies,-139.557,1392.633,Santander,China
Furniture,285.12,1296.24,Cangzhou,China
Office Supplies,487.98,1682.91,Shanghai,China
Technology,89.46,1278,León,China
Technology,976.8,2570.76,Rybinsk,United States
Furniture,349.86,2332.96,Ibiúna,United States
Furniture,-870.3,1582.2,Gold Coast,Australia
Office Supplies,-337.806,1801.632,Philadelphia,United States
Furniture,498.96,1512,Canberra,Australia
Technology,-27.828,695.7,Tallahassee,United States
Technology,714,2550,Port Elizabeth,India
Technology,607.608,2025.36,Newark,United States
Furniture,845.7,2285.7,Cambridge,United States
Furniture,10.8189,1029.2589,Bandung,India
Technology,-2.1208,1058.2792,Mixco,United States
Technology,2817.99,5751.54,Kota,India
Furniture,-244.251,2442.069,Munster,Australia
Office Supplies,178.56,1190.52,Christchurch,China
Office Supplies,-35.091,3150.819,Vincennes,Australia
Technology,719.85,1599.9,Moers,Australia
Furniture,123.75,2063.4,Chongqing,China
Office Supplies,558.72,1269.9,Gyula,United States
Furniture,261.9,3274.02,Lucknow,India
Technology,110.28,848.32,Managua,China
Technology,1416.8,3080,Florence,United States
Technology,711.84,2847.36,Turin,United States
Furniture,-483.3,1725.75,Manila,India
Technology,-63.6462,1479.3138,Medan,India
Technology,2302.9671,4899.93,Springfield,United States
Technology,12.69,1282.23,Australia,Australia
Furniture,49.5,2478.6,Benguela,India
Technology,8399.976,17499.95,Lafayette,United States
Technology,460.62,959.76,Himeji,China
Furniture,-290.8752,1090.782,New York City,United States
Office Supplies,847.041,4135.641,Kendari,India
Furniture,511.52,2325.28,Mejicanos,Australia
Furniture,2316.51,5486.67,Sydney,Australia
Office Supplies,-50.976,1523.664,Barcelona,China
Technology,-76.5675,1625.2425,Menton,Australia
Technology,527.984,1319.96,Huntsville,United States
Office Supplies,130.62,734.94,Clermont-Ferrand,Australia
Furniture,-619.596,2065.32,Philadelphia,United States
Furniture,69.36,1391.52,Buzau,China
Furniture,200.9546,1552.831,San Francisco,United States
Office Supplies,566.02,2461.06,Bayeux,United States
Technology,764.3818,2939.93,Columbus,United States
Technology,-1359.992,8159.952,San Antonio,United States
Technology,612.99,1226.19,Kuala Lumpur,China
Furniture,-258.495,1809.255,Perth,Australia
Technology,393.24,1863,Darwin,Australia
Technology,1228.1787,4548.81,Jamestown,United States
Office Supplies,-13.923,1244.187,Bayeux,Australia
Furniture,-218.298,2364.102,Lens,Australia
Technology,114.453,1946.313,Lannion,Australia
Office Supplies,302.373,895.92,Los Angeles,United States
Office Supplies,-0.216,2283.714,Iserlohn,Australia
Technology,1172.88,2549.76,Kalemie,China
Technology,366.282,3299.562,Sydney,Australia
Office Supplies,273.78,2489.4,Ghent,Australia
Furniture,160.3136,3406.664,Los Angeles,United States
Technology,449.991,999.98,Indianapolis,United States
Furniture,250.992,1189.242,Marseille,Australia
Technology,1007.9832,2879.952,Los Angeles,United States
Furniture,355.44,1269.6,Soyapango,Australia
Technology,-3009.435,3499.155,Lahore,Australia
Furniture,726.825,2993.025,Sydney,Australia
Technology,287.919,815.949,Grenoble,Australia
Technology,161.76,1245,Espoo,Finland
Technology,182.688,1027.728,Whyalla,Australia
Technology,737.925,1703.025,Adelaide,Australia
Office Supplies,-130.3863,1803.0837,Medan,India
Furniture,195.285,676.485,Ivry-sur-Seine,Australia
Furniture,348.81,969.36,Kanpur,India
Furniture,90.81,1637.01,Saint-Laurent-du-Var,Australia
Technology,13.20144,1655.96144,Cartagena,China
Furniture,232,976.96,Cancún,India
Furniture,175.5,731.34,Harbin,China
Office Supplies,0,1239,Kumasi,India
Furniture,368.256,1680.606,Ho Chi Minh City,United States
Furniture,65.7,2190.75,Delhi,India
Technology,114.252,935.172,London,United States
Office Supplies,441.36,1026.96,Vienna,India
Technology,280.44,2550,Salem,India
Technology,-129.726,1224.714,Angers,Australia
Technology,-417.813,2667.537,Bangkok,India
Technology,1042.32,2605.92,Bremen,Australia
Office Supplies,207.06,2962.68,Khorramabad,United States
Furniture,905.7,2664,Chennai,India
Technology,741.6,1513.56,Barletta,United States
Furniture,234.36,1233.63,Tamworth,United States
Furniture,384.81,855.15,Kharkiv,India
Technology,-95.7,956.34,London,United States
Office Supplies,-337.806,1801.632,Philadelphia,United States
Furniture,160.77,1838.52,Barcelona,China
Technology,674.73,4498.83,Kulti,India
Technology,-1303.056,1824.144,Le Mans,Australia
Furniture,46.88,2344,Managua,China
Technology,756,2043.72,Mianyang,China
Office Supplies,265.44,856.8,Maputo,India
Office Supplies,426.58,2509.36,Cadereyta,India
Furniture,191.316,819.936,Bundaberg,Australia
Furniture,-0.072,2797.248,Managua,China
Office Supplies,261.8,1455.08,Valparaíso de Goiás,United States
Furniture,541.3698,2189.0898,Manado,India
Furniture,327.06,5451.3,Muzaffarpur,India
Technology,296.94,1291.08,Kermanshah,United States
Technology,732.72,1526.52,Thane,India
Technology,323.955,1079.85,New York City,United States
Furniture,205.56,1869.72,Piedecuesta,China
Furniture,471.94,1815.24,Mixco,United States
Technology,460.62,959.76,Bangalore,India
Technology,1035.58,3045.84,India City,India
Technology,297.5,2125,Managua,China
Technology,292.8,976.08,Yaounde,China
Technology,265.92,1266.36,Xiamen,China
Furniture,423.0085,1458.65,Detroit,United States
Furniture,682.92,2134.44,Kitwe,United States
Technology,844.116,4748.436,Berlin,Australia
Technology,242.64,1867.5,Cape Town,India
Furniture,250.38,1001.7,Jieyang,China
Furniture,112.392,899.136,New York City,United States
Office Supplies,207.475,663.92,New York City,United States
Office Supplies,1722.48,4306.32,Hamamatsu,China
Office Supplies,323.82,899.55,Ningbo,China
Technology,381.96,763.92,Jodhpur,India
Technology,1093.92,2544.24,Weimar,Australia
Furniture,-189.456,1136.664,Auckland,China
Furniture,91.95,2301,Beijing,China
Technology,1563.48,3908.88,Lubumbashi,China
Furniture,585.552,1951.84,Franklin,United States
Technology,743.988,2479.96,Omaha,United States
Office Supplies,224.88,2249.16,Nagpur,India
Office Supplies,176.96,2528.26,Villahermosa,India
Furniture,202.185,1461.135,Oyonnax,Australia
Technology,1035.58,3045.84,Metepec,India
Furniture,420.588,3785.292,New York City,United States
Technology,601.9699,1399.93,Santa Ana,United States
Furniture,198.636,2152.956,Manila,India
Technology,447.75,1244.1,Antony,Australia
Furniture,500.976,2226.816,Culiacán,India
Furniture,17.532,1586.412,Melbourne,Australia
Technology,1459.2,3040,Mobile,United States
Office Supplies,1233,3425.4,Al Amarah,India
Office Supplies,568.44,1136.94,Barcelona,China
Furniture,211.2552,677.6352,Jakarta,India
Furniture,80.4,731.34,Mashhad,United States
Technology,909.9818,3499.93,Springfield,United States
Technology,534.48,1272.72,Bhavnagar,India
Office Supplies,909.54,1856.34,Rome,United States
Technology,459,2295,Palma de Mallorca,China
Technology,324.3825,1622.1825,Saint-Priest,Australia
Technology,361.41,1063.44,Anshan,China
Technology,275.94,3449.88,Gyor,United States
Furniture,-0.024,585.456,Coyoacán,India
Technology,471.6,1429.44,Monrovia,India
Furniture,158.64,1057.8,Johannesburg,India
Furniture,393.39,1092.96,Harbin,China
Furniture,741.5,1483,Santiago de China,China
Office Supplies,304.7,1792.4,Bogotá,China
Furniture,-191.163,2455.677,Erlangen,Australia
Technology,417.96,1900.44,Tbilisi,India
Technology,849.87,3712.59,Bangkok,India
Technology,0,2372.22,Jaipur,India
Technology,1602.99,5725.35,Suzhou,China
Furniture,842.52,2553.18,Reggio nell'Emilia,United States
Office Supplies,861.48,2003.52,Azcapotzalco,India
Technology,95.04,1188.36,Lublin,Australia
Technology,511.095,2875.095,Gold Coast,Australia
Furniture,952.2,2380.5,Zurich,United States
Technology,258.9,1619.1,Elbasan,India
Office Supplies,339.8778,2821.7178,Medan,India
Technology,-128.7468,2991.1032,Bandung,India
Office Supplies,86.6364,1798.6764,Bangkok,India
Technology,712.44,2544.84,Voronezh,United States
Furniture,228.36,951.72,Shimonoseki,China
Technology,978.84,2575.92,Dhaka,United States
Office Supplies,84.96,1699.83,Huddersfield,United States
Furniture,116.952,2634.552,Melbourne,Australia
Furniture,1554.432,3707.352,Palu,India
Furniture,300.9,4298.85,Imphal,India
Office Supplies,854.28,3417.48,Shenyang,China
Office Supplies,561.6,2080.32,Barcelona,China
Technology,319.35,840.6,Muzaffarpur,India
Office Supplies,-913.176,1369.764,Bethlehem,United States
Office Supplies,90,1288.8,Koumra,India
Furniture,44.04,660.69,Ballarat,Australia
Office Supplies,970.2,3234.24,Podgorica,United States
Technology,390.8,2171.3,Ribeirão Preto,United States
Technology,276.534,2074.734,Brisbane,Australia
Technology,195.44,849.8,Zapopan,India
Furniture,353.133,1177.173,Sydney,Australia
Technology,1112.4,2270.34,Guelph,India
Furniture,239.9058,2665.62,Bellingham,United States
Technology,-458.19,2863.08,Lahore,Australia
Office Supplies,236.67,1253.07,Bordeaux,Australia
Office Supplies,606.42,3369.24,Hamadan,United States
Technology,439.2,1464.12,Windhoek,United States
Furniture,-993.195,1273.125,Eindhoven,India
Technology,767.2005,1704.89,New York City,United States
Technology,375.7774,1258.7774,Quetzaltenango,United States
Furniture,290.598,2584.008,Lahore,Australia
Technology,68.31,1482.39,Manila,India
Technology,293.16,1274.7,Antiguo Cuscatlán,Australia
Furniture,481.47,1604.9,Cranston,United States
Furniture,225.36,2818.08,Guantánamo,China
Furniture,-111.6,1046.25,Bacolod City,India
Technology,541.8,3187.2,Nagpur,India
Furniture,956.58,4099.68,Kwinana,Australia
Office Supplies,260.1,703.35,Wuxi,China
Technology,509.568,2293.488,Sydney,Australia
Technology,14.4315,1238.6115,Deuil-la-Barre,Australia
Furniture,300.076,1715.056,Zapopan,India
Office Supplies,33.3124,1665.62,Lafayette,United States
Furniture,852.48,2841.66,Wollongong,Australia
Office Supplies,-3059.82,3399.66,Lisbon,United States
Technology,482.22,1607.76,Jhansi,India
Technology,260.4,840.15,Amravati,India
Furniture,519.21,1236.33,Wafangdian,China
Office Supplies,348.24,2488.56,Delhi,India
Office Supplies,252.896,1124.256,San Juan de la Maguana,India
Technology,1159.9855,3999.95,New York City,United States
Furniture,-18.18,726.72,India City,India
Technology,874.9875,2799.96,Chicago,United States
Technology,653.4,1519.92,Antananarivo,United States
Technology,319.8,1279.32,Ufa,United States
Furniture,122.85,723.3,Jamshedpur,India
Technology,244.2,642.69,Tehran,United States
Furniture,232.68,2619,Bendigo,Australia
Office Supplies,-1023.03,1704.87,Quetta,Australia
Technology,583.38,1715.91,Rovigo,United States
Technology,460.08,1278,Shenyang,China
Office Supplies,246.84,1234.56,Casablanca,China
Office Supplies,839.04,4195.2,Ghent,Australia
Furniture,-98.205,1765.395,Boulogne-Billancourt,Australia
Furniture,333.048,1480.368,Soacha,China
Technology,89.04,2968.98,Puebla,India
Furniture,-953.442,2301.138,Brisbane,Australia
Furniture,352.08,1100.52,Vienna,India
Technology,553.98,2518.95,Xiangtan,China
Furniture,119.55,996.3,Dudley,United States
Technology,215.9973,1919.976,San Francisco,United States
Furniture,341.49,922.95,Vienna,India
Furniture,184.995,1850.445,Ris-Orangis,Australia
Furniture,6.6,664.56,Managua,China
Technology,340.2,1547.1,Levallois-Perret,Australia
Office Supplies,316.701,2190.951,Ho Chi Minh City,United States
Office Supplies,324.18,3242.88,India City,India
Technology,1246.8,2544.6,Casablanca,China
Technology,573.12,2605.56,Luts'k,India
Office Supplies,-127.413,1271.457,Madrid,China
Furniture,-292.1,876.3,Charlotte,United States
Technology,0,1207.56,Jizan,China
Furniture,40.95,2051.1,Australia,Australia
Technology,992.16,2544.24,San Salvador,Australia
Furniture,-734.5264,1421.664,Lorain,United States
Furniture,341.73,1314.45,Stoke-on-Trent,United States
Technology,1995.99,3991.98,New York City,United States
Furniture,110.28,980.32,São Paulo,United States
Technology,239.996,1799.97,Philadelphia,United States
Furniture,518.76,2470.5,Huaibei,China
Technology,449.985,1499.95,Lehi,United States
Furniture,105.24,877.02,Masterton,China
Furniture,356.0414,1618.37,Seattle,United States
Technology,747.72,1917.36,Whangarei,China
Technology,260.82,2173.5,Kunming,China
Office Supplies,751.7601,1927.59,Columbia,United States
Office Supplies,593.64,1799.1,Vancouver,India
Furniture,653.1,1814.25,Pamplona,China
Office Supplies,-776.325,1293.675,Haninge,United States
Office Supplies,1040.55,2477.55,Oviedo,China
Technology,52.4979,1399.944,Carrollton,United States
Technology,332.7,723.3,Nasik,India
Technology,188.64,2097.12,Torrevieja,China
Office Supplies,175.5156,1350.12,Atlanta,United States
Office Supplies,421.56,3242.88,Ube,China
Furniture,-295.9785,1044.63,New York City,United States
Office Supplies,843.1706,1793.98,Minneapolis,United States
Furniture,226.92,597.36,Pozzuoli,United States
Office Supplies,1383.9,3955.14,Poltava,India
Furniture,231.264,796.824,Depok,India
Technology,922.05,2305.26,Regensburg,Australia
Furniture,35.36,2833.76,Mejicanos,Australia
Office Supplies,581.64,2077.32,Visakhapatnam,India
Furniture,939.26,1916.88,Camagüey,China
Furniture,606.2,1212.5,Matagalpa,China
Furniture,150.294,2404.704,Seattle,United States
Technology,133.605,1622.565,Clamart,Australia
Technology,222.66,856.44,Christchurch,China
Furniture,180.441,2887.056,Los Angeles,United States
Furniture,196.533,1361.043,Garbsen,Australia
Technology,271.08,3391.74,Jixi,China
Technology,-207.844,2375.296,Santo Domingo,India
Furniture,320.04,889.02,Potchefstroom,India
Furniture,873.36,1782.48,Vladimir,United States
Technology,274.9185,667.7685,Bordeaux,Australia
Technology,394.245,1612.845,Perth,Australia
Office Supplies,-9.492,845.208,Burgos,China
Office Supplies,391.77,2799.63,Kollam,India
Office Supplies,-56.1114,1549.1286,Yangon,India
Technology,67.84,1696.4,India City,India
Office Supplies,168.3,935.5,India City,India
Technology,359.3025,2036.8125,Bondy,Australia
Technology,176.4,980.52,Mont-de-Marsan,Australia
Technology,681.204,1654.644,Lyon,Australia
Office Supplies,-2287.782,1525.188,Houston,United States
Furniture,141.1884,2063.7684,Depok,India
Technology,568.32,1457.28,Casablanca,China
Technology,829.5,1693.23,Huaibei,China
Office Supplies,83.281,4164.05,Springfield,United States
Furniture,405.72,1411.2,Santo André,United States
Office Supplies,-113.364,2039.796,Menden,Australia
Technology,630.99,5737.5,Beijing,China
Technology,473.907,1641.087,Wollongong,Australia
Furniture,303.7,1380.9,Spanish Town,India
Technology,690.12,1917,Thane,India
Furniture,172.92,823.5,Taupo,China
Furniture,244.2496,872.32,Providence,United States
Technology,1081.35,3180.75,Fengcheng,China
Technology,-68.7225,2910.1875,Vernon,Australia
Furniture,399.2994,2348.82,Seattle,United States
Office Supplies,312.676,1924.16,Philadelphia,United States
Technology,391.35,910.35,Tianjin,China
Furniture,274.08,856.68,Stoke-on-Trent,United States
Furniture,-238.028,1731.072,Chihuahua,India
Technology,-103.608,1330.992,Elx,China
Furniture,746.4078,2573.82,Henderson,United States
Technology,669.76,1914.08,Santa Cruz de Barahona,India
Technology,101.76,3393.12,Brasília,United States
Furniture,-15.4188,1079.316,Philadelphia,United States
Technology,665.4,1446.6,Lanzhou,China
Furniture,1537.83,3272.01,Shanghai,China
Office Supplies,-597.681,3386.859,Manila,India
Technology,-133.728,728.532,Bologna,United States
Office Supplies,499.446,2498.526,Alice Springs,Australia
Technology,772.68,2575.92,Doha,India
Furniture,381.78,2546.46,Velletri,United States
Furniture,173.25,2888.76,Matsubara,China
Technology,185.64,1031.4,Kuantan,China
Technology,74.16,1237.44,Gloucester,United States
Technology,183.24,1018.32,Kinshasa,China
Office Supplies,131.82,600.6,Vigo,China
Furniture,1163.883,2756.943,Puteaux,Australia
Office Supplies,-102.411,1534.869,Geelong,Australia
Technology,-134.064,1781.136,Jakarta,India
Technology,2447.1,6439.8,Whakatane,China
Technology,-1806.24,1363.2,Açu,United States
Furniture,961.38,3315.27,Colchester,United States
Furniture,291.3778,1266.86,Sandy Springs,United States
Technology,124.788,2123.028,Montpellier,Australia
Technology,272.58,2478.84,Wetzlar,Australia
Office Supplies,505.176,1894.536,Perth,Australia
Office Supplies,88.0299,1006.056,Cleveland,United States
Technology,2591.9568,5399.91,Providence,United States
Technology,0,1317.9,Shashi,China
Technology,256.41,1350.09,Moers,Australia
Technology,238.98,1839.18,Chaoyang,China
Technology,944.9865,2799.96,San Francisco,United States
Technology,820.44,1908.18,Rugby,United States
Technology,301.466,1264.466,São Paulo,United States
Office Supplies,-786.0144,3930.072,Round Rock,United States
Technology,463.26,965.16,Hamburg,Australia
Office Supplies,282.516,748.116,Saint-Chamond,Australia
Furniture,209.706,943.866,Fontenay-aux-Roses,Australia
Furniture,43.32,1447.44,Baotou,China
Technology,62.1,1552.5,Prato,United States
Technology,624.9875,1999.96,Fort Worth,United States
Office Supplies,793.716,2405.2,Indianapolis,United States
Furniture,90.972,1212.96,San Francisco,United States
Furniture,266.58,919.26,Joinville,United States
Technology,1035.58,3045.84,India City,India
Technology,114.972,766.872,Canberra,Australia
Furniture,115.2,2880.18,Casablanca,China
Office Supplies,449.04,1403.36,Colombo,United States
Office Supplies,500.184,1819.104,Santo Domingo,India
Technology,517.4793,2249.91,Dover,United States
Furniture,-576.909,2018.331,Jining,China
Furniture,41.25,2065.5,Thane,India
Technology,382.2,1274.16,Zhenjiang,China
Furniture,795.24,2485.62,Surat,India
Office Supplies,421.2,1560.24,York,United States
Technology,1341.15,3271.2,Jining,China
Furniture,-112.752,751.488,Mérida,India
Technology,275.7,2120.8,Villa Nueva,United States
Technology,321.552,2102.832,Annecy-le-Vieux,Australia
Technology,183.288,820.488,Drancy,Australia
Furniture,0,2803.92,Jacksonville,United States
Technology,610.812,1718.172,Gold Coast,Australia
Office Supplies,16.56,553.44,Dar es Salaam,Australia
Furniture,515.7525,2794.2525,Nuremberg,Australia
Furniture,345.15,1242.54,Antony,Australia
Technology,121.9644,1626.192,Concord,United States
Technology,165.66,1274.7,Macheng,China
Technology,730.26,1553.76,Beni Mellal,China
Furniture,689.088,2205.568,Juárez,India
Office Supplies,1264.7559,2690.97,Roswell,United States
Technology,742.35,3227.7,Hamburg,Australia
Furniture,237.15,1395,Madurai,India
Furniture,-1128.435,2291.835,Dortmund,Australia
Furniture,83.04,1660.8,Loubomo,India
Furniture,-487.368,2436.672,Jiangmen,China
Furniture,-12.849,899.43,Troy,United States
Furniture,152.7,954.6,Kaliningrad,United States
Office Supplies,57,1903,Mejicanos,India
Furniture,553.3902,2621.322,New York City,United States
Technology,508.95,1590.9,Kristiansand,India
Furniture,469.44,1467.36,Ad Diwaniyah,India
Furniture,46.9206,1091.2806,Jakarta,India
Technology,419.8032,2014.3632,Managua,China
Furniture,930.48,3877.68,Kinshasa,China
Furniture,20.9148,1673.184,San Diego,United States
Furniture,-1665.0522,3083.43,Philadelphia,United States
Technology,858.9,2863.35,Perth,Australia
Furniture,189.42,2841.66,Marikina,India
Technology,-36.081,765.459,Bayonne,Australia
Office Supplies,0,1887.84,Wollongong,Australia
Technology,83.5128,742.336,Avondale,United States
Office Supplies,59.6556,795.408,Fairfield,United States
Office Supplies,180.1,1801.6,San José de las Lajas,China
Technology,-0.12,779.28,Montreuil,Australia
Technology,202.32,613.26,Algiers,India
Technology,284.1855,979.95,Lowell,United States
Furniture,275.52,1837.56,Wollongong,Australia
Office Supplies,1989.54,3979.29,Bologna,United States
Technology,364.4595,1349.85,New York City,United States
Technology,165.5986,1198.2986,León,China
Furniture,610.8624,3393.68,Seattle,United States
Furniture,455.565,1864.215,Townsville,Australia
Furniture,-571.32,1142.64,Istanbul,China
Furniture,18,1630.8,Marseille,Australia
Technology,-1172.736,1172.664,Kaunas,China
Technology,323.4,2021.88,Ardabil,United States
Furniture,230.128,836.928,Mexicali,India
Technology,286.56,1302.78,Mecca,China
Office Supplies,246.72,2243.88,Alexandria,China
Technology,325.611,1221.561,Queanbeyan,Australia
Office Supplies,241.38,1609.29,Guilin,China
Technology,-53.37,1596.51,Sydney,Australia
Furniture,292.776,975.92,Henderson,United States
Technology,928.44,2018.88,Gaomi,China
Technology,18.72,1885.32,Pretoria,India
Furniture,1528.38,3119.34,Blackpool,United States
Furniture,21.69,1964.25,Schwerin,Australia
Furniture,300.735,1202.94,Springfield,United States
Furniture,-689.256,1653.804,Gold Coast,Australia
Technology,180.06,621,Jeddah,China
Technology,26.73,2673.81,Aligarh,India
Furniture,536.22,1307.97,Trento,United States
Technology,-706.248,1145.232,Ravenna,United States
Furniture,346.0396,1504.52,Lafayette,United States
Technology,872.82816,1902.10816,Mixco,United States
Technology,899.1,1913.4,Basel,United States
Furniture,778.92,1854.72,Matola,India
Furniture,953.274,2958.984,Poitiers,Australia
Office Supplies,-599.94,810.72,Seoul,India
Furniture,754.704,2953.584,Mulhouse,Australia
Office Supplies,1141.2,2593.8,Milan,United States
Office Supplies,667.113,2051.013,Jakarta,India
Office Supplies,626.185,2504.74,New York City,United States
Technology,567,1318.65,Vienna,India
Technology,55.89,1120.77,Kota Kinabalu,China
Technology,247.996,1983.968,Denver,United States
Office Supplies,91.2,3044.8,Uberaba,United States
Furniture,94.836,656.856,Rueil-Malmaison,Australia
Technology,1032.57,2518.95,Crawley,United States
Furniture,-1558.152,1669.248,Makurdi,India
Furniture,1015.02,2476.08,Madrid,China
Technology,742.632,1687.8,Providence,United States
Technology,286.56,1302.78,Tallinn,India
Furniture,148.68,2125.32,Hobart,Australia
Technology,781.74,1954.44,Swansea,United States
Technology,222.76,856.92,Paranaguá,United States
Technology,756.8715,3696.0315,Samarinda,India
Technology,182.4,1302.96,Vijayawada,India
Furniture,-880.956,1136.664,Bandirma,China
Technology,-295.5096,1043.9304,Bandung,India
Technology,382.176,1720.116,Whyalla,Australia
Technology,200.52,1253.76,Gagnoa,India
Office Supplies,-690.536,2180.244,Tegucigalpa,India
Technology,107.487,1306.467,Villiers-le-Bel,Australia
Office Supplies,272.52,1704.96,Brampton,India
Office Supplies,473.6106,1633.14,Columbia,United States
Furniture,213.216,775.536,Tlaquepaque,India
Furniture,-1021.671,2012.049,Saint-Denis,Australia
Technology,391.4976,2166.8976,Depok,India
Technology,1341.15,3271.2,Mangalore,India
Technology,195.34536,755.80536,Sancti Spíritus,China
Furniture,327.24,2182.68,Johannesburg,India
Technology,51.42,1285.56,Shenzhen,China
Technology,103.44,1479.36,Villa Nueva,United States
Furniture,-407.136,740.184,Indaial,United States
Technology,505.8,1533.15,Bergen,India
Furniture,820.32,2563.92,Riyadh,China
Technology,901.56,2897.91,Newcastle,Australia
Office Supplies,-886.05,1582.11,Lahore,Australia
Furniture,140.9568,1497.666,Los Angeles,United States
Technology,26.16,2616.96,Mixco,United States
Furniture,108.783,1399.113,London,United States
Technology,1060.56,3421.71,Lucerne,United States
Technology,357.1911,1322.93,Lakewood,United States
Technology,98.28,820.08,Fernando de la Mora,India
Furniture,241.1046,2678.94,Noblesville,United States
Furniture,359.52,1198.56,Malayer,United States
Furniture,-445.113,1832.607,Bundaberg,Australia
Furniture,639.51,1857.06,Bochum,Australia
Furniture,455.64,1752.6,Mbuji-mayi,China
Furniture,259.02,1850.46,Gwalior,India
Furniture,1098.45,2337.15,Luoyang,China
Furniture,291.6,788.4,Southend-on-Sea,United States
Technology,100.98,715.53,Thionville,Australia
Furniture,92.392,1478.272,San Francisco,United States
Furniture,1423.44,3094.56,Srinagar,India
Technology,148.3524,882.0324,Villa Nueva,United States
Technology,335.9944,959.984,Chicago,United States
Furniture,-81.81,953.82,Gold Coast,Australia
Furniture,57.33,2871.54,Thiruvananthapuram,India
Technology,865.08,2544.6,Allahabad,India
Technology,106.7412,886.1412,Bekasi,India
Technology,-5.853,473.847,Jakarta,India
Technology,0,1767.6,Daloa,India
Furniture,-0.032,780.608,Saltillo,India
Furniture,111.517,892.136,Anaheim,United States
Office Supplies,1220.25,2711.7,Madrid,China
Office Supplies,190.05,2111.97,Woking,United States
Furniture,-396.4275,1189.2825,Baguio City,India
Technology,534.33,1908.45,Gorakhpur,India
Office Supplies,843.1706,1793.98,Morristown,United States
Office Supplies,9.0912,909.12,Indianapolis,United States
Furniture,-1294.3503,1854.9297,Bangkok,India
Technology,397.53,924.66,Shanghai,China
Furniture,-326.97,1760.43,Mianyang,China
Technology,397.08,827.28,Magnitogorsk,United States
Office Supplies,509.86,1510.96,Santo Domingo,India
Technology,860.16,2098.32,Varanasi,India
Furniture,-96.96,1938.24,Serra,United States
Technology,-495.63,803.52,Florence,United States
Furniture,97.38,1391.76,Chennai,India
Office Supplies,94.2784,942.784,Raleigh,United States
Office Supplies,-53.01,952.29,Adelaide,Australia
Furniture,146.16,2927.28,Pescara,United States
Technology,97.1946,1619.91,New York City,United States
Technology,899.982,1999.96,Warwick,United States
Office Supplies,-1736.28,2117.22,Lahore,Australia
Technology,249.995,799.984,New York City,United States
Furniture,82.26,2747.7,Kuala Lumpur,China
Furniture,141.96,1014.72,Kuantan,China
Technology,79.56,1591.56,Chittagong,United States
Technology,69.3,533.22,Monclova,India
Technology,488.6,2124.5,São Paulo,United States
Office Supplies,-152.4924,1053.8676,Jakarta,India
Office Supplies,353.5792,1087.936,New York City,United States
Technology,249.72,1248.84,Worthing,United States
